name,company,city,state,country,address,Longitude,Latitude
Ahmedabad,ST Telemedia GDC,Ahmedabad,,India,Gujarat International Finance Tec-City 382355 Ahmedabad India,72.571400000000040,23.022500000000036
Ahmedabad,Reliance Communications Ltd.,Ahmedabad,,India,tbc 380009 Ahmedabad India,72.571400000000040,23.022500000000036
Airoli,Sify Corp,Navi,,India,"7th floor, Reliable Plaza, K-10, Kalwa Industrial Estate, Airoli 400708 Navi Mumbai India",72.877700000000061,19.076000000000022
Ambattur,TATA Communications,Chennai,,India,"226, Ambattur Red Hills Rd 600053 Chennai India",80.270700000000033,13.082700000000045
Andhra Pradesh,Ensono,Hyderabad,,India,"Sy No. 203/P, Manikonda Village, Rajender Nagar Mandal, R.R. District Hyderabad India",78.486700000000042,17.385000000000048
Bandra Kurla Complex,TATA Communications,Mumbai,,India,"C-21 and C-36, Bandra Kurla Complex, 400051 Mumbai India",72.877700000000061,19.076000000000022
Bangalore,Sify Corp,Bangalore,,India,"Cyber Park, Electronic City Bangalore India",77.594600000000071,12.971600000000024
Bangalore,Ricoh India,Bangalore,,India,"MARUTHI INFOTECH CENTRE, Ground Floor, West Wing, Maruthi Infotech Center Survey No 11/1, 12/1 Amarj 560071 Bangalore India",77.594600000000071,12.971600000000024
Bangalore,Dell,Bangalore,,India,tbc Bangalore India,77.594600000000071,12.971600000000024
Bangalore,Tulip Telecom Limited,Bangalore,,India,"#162, #163, #164, #165, Export Promotion Industrial Pa 560 066 Bangalore India",77.594600000000071,12.971600000000024
Bangalore,NetMagic Solutions Pvt Ltd,Bangalore,,India,"Unit No.4, Ground Floor, Navigator, ITPL, White Field Road Bangalore India",77.594600000000071,12.971600000000024
Bangalore,Trijit,Bangalore,,India,Yelahanka New Town 560064 Bangalore India,77.594600000000071,12.971600000000024
Bangalore,Reliance Communications Ltd.,Bangalore,,India,Race Course Road+Yashwantpur+Whitefield 56000 Bangalore India,77.594600000000071,12.971600000000024
Bangalore,Hewlett Packard (HP),Bangalore,,India,tbc Bangalore India,77.594600000000071,12.971600000000024
Bangalore,Net4,Bangalore,,India,"1st Floor, Empire Infantry No.29, ( Old No.10) Infantry Road 560 001 Bangalore India",77.594600000000071,12.971600000000024
Bangalore 2,ST Telemedia GDC,Bengaluru,,India,"18, 2nd Cross Rd 560079 Bengaluru India",77.581970000000069,13.009475800000075
Bengaluru,ESDS Software Solution Pvt. Ltd.,Bengaluru,,India,tbc Bengaluru India,77.697192000000030,12.941824700000041
Bengaluru,Trimax IT Infrastructure & Services,Bengaluru,,India,"Bangalore Urban, F-21, ITI Complex 560016 Bengaluru India",77.594600000000071,12.971600000000024
Chandivalli,NetMagic Solutions Pvt Ltd,Mumbai,,India,LBS Rd 400079 Mumbai India,72.877700000000061,19.076000000000022
Chennai,Ricoh India,Chennai,,India,"The Rain tree place 5th floor, No.9, McNichols Road Chetpet 600031 Chennai India",80.270700000000033,13.082700000000045
Chennai,Servernet Services,Chennai,,India,"73, Second Floor, First Main Road, Nehru Nagar, Near OMR, Kottivakkam 600041 Chennai India",80.270700000000033,13.082700000000045
Chennai,NetMagic Solutions Pvt Ltd,Chennai,,India,"67, Mathiravedu, Velappanchavadi, Poonamallee high road 600077 Chennai India",80.270700000000033,13.082700000000045
Chennai,Zoho,Chennai,,India,tbc Chennai India,80.270700000000033,13.082700000000045
Chennai,Net4,Chennai,,India,"Nawazish, 4th Floor 17 Khader Nawaz Khan Road 600006 Chennai India",80.270700000000033,13.082700000000045
Chennai,Nxtra Data,Chennai,,India,"Nxtra Data Limited, Plot # F-08, SIPCOT IT Park, Siruseri, 603103 Chennai India",80.270700000000033,13.082700000000045
Chennai,Sungard,www.sungardas.com,,India,Chennai India www.sungardas.com,80.270700000000033,13.082700000000045
Chennai,ASPHostPortal.com Web Services,Chennai,,India,"226, Chennai - Thiruttani - Renigunta Hwy 600053 Chennai India",80.270700000000033,13.082700000000045
Chennai,Global Cloud Xchange (GCX),30386000,,India,Chennai India +91 022 30386000,80.270700000000033,13.082700000000045
Chennai 1,ST Telemedia GDC,Chennai,,India,"4th floor, 2nd block 600 002 Chennai India",80.270700000000033,13.082700000000045
Chennai 2,ST Telemedia GDC,Chennai,,India,"226, Red Hills Rd 600099 Chennai India",80.270700000000033,13.082700000000045
Cherthala,Bharat Sanchar Nigam Ltd. (BSNL),Cherthala,,India,Govt. Hospital Rd 688524 Cherthala India,76.337002100000063,9.601028100000065
Coal India Limited,Coal India Limited,Kolkata,,India,Plot No-AF-III 700156 Kolkata India,88.363900000000058,22.572600000000023
Dalal Street,NetMagic Solutions Pvt Ltd,Mumbai,,India,"Phiroze Jeejeebhoy Towers, Dalal Street Mumbai India",72.877700000000061,19.076000000000022
Data First,Neesa Technologies,Ahmedabad,,India,"9th floor , Cambay Grand , Thaltej 380054 Ahmedabad India",72.571400000000040,23.022500000000036
Delhi,Ricoh India,Delhi,,India,"2nd Floor, Salcon Aurum Building, Plot No. 4 110025 Delhi India",77.102500000000077,28.704100000000039
Delhi,TATA Communications,New,,India,"2, Bangla Sahib Rd 110001 New Delhi India",77.102500000000077,28.704100000000039
Fort Mumbai,TATA Communications,Mumbai,,India,Karmaveer Bhaurao Patil Marg Mumbai India,72.877700000000061,19.076000000000022
Hyderabad,Ricoh India,Hyderabad,,India,"#7A, 7th FLOOR, Gummidelli Building, Opp. Shopper Stop, Above Reliance Trend 500016 Hyderabad India",78.486700000000042,17.385000000000048
Hyderabad,CtrlS,Hyderabad,,India,"16, Software Units Layout, Madhapur (Hitech-City) 500081 Hyderabad India",78.486700000000042,17.385000000000048
Hyderabad,T-Rex Networks,Hyderabad,,India,"Plot No 14, Whitefileds 500084 Hyderabad India",78.486700000000042,17.385000000000048
Hyderabad,Net4,Hyderabad,,India,710 7th flr secunderbad 500003 Hyderabad India,78.486700000000042,17.385000000000048
Hyderabad,ST Telemedia GDC,Hyderabad,,India,16 500081 Hyderabad India,78.486700000000042,17.385000000000048
Hyderabad,TATA Communications,Hyderabad,,India,"3rd floor, CFC-1 Software Units Layout 500081 Hyderabad India",78.486700000000042,17.385000000000048
Hyderbad,Global Cloud Xchange (GCX),30386000,,India,Hyderabad India +91 022 30386000,78.486700000000042,17.385000000000048
India,Xiaomi,tbc,,India,tbc tbc India,77.651441000000034,12.922894200000030
International Data Centre 5,Reliance Communications Ltd.,Mumbai,,India,Dhirubhai Ambani Knowledge City Navi Mumbai India,72.877700000000061,19.076000000000022
Jaipur,Neesa Technologies,Jaipur,,India,Kukas 304025 Jaipur India,75.894262800000035,27.042079400000034
Kolkata,ST Telemedia GDC,Kolkata,,India,"CIT Scheme, Ultadanga 700054 Kolkata India",88.363900000000058,22.572600000000023
Kolkata,Ricoh India,Kolkata,,India,"Salt Lake Electronics Complex, Plot No.A1/1 & 2, Block- GP, Sector- V 700091 Kolkata India",88.363900000000058,22.572600000000023
Mumbai,Sify Corp,Mumbai,,India,"VAT 251 & 261, 5th and 6th floor, Vasi Infotech Park 400703 Mumbai India",72.877700000000061,19.076000000000022
Mumbai,Bombay Stock Exchange,Mumbai,,India,"Phiroze Jeejeebhoy Towers, Dalal Street Mumbai India",72.877700000000061,19.076000000000022
Mumbai,NTT,Mumbai,,India,tbc Mumbai India,72.877700000000061,19.076000000000022
Mumbai,Ricoh India,Mumbai,,India,"1201, 1st Floor, Bldg no. 12, Solitaire Corporate Park, Andheri-Ghatkopar Link Road 400093 Mumbai India",72.877700000000061,19.076000000000022
Mumbai,IBM,Mumbai,,India,Airoli Mumbai India,72.877700000000061,19.076000000000022
Mumbai,Web Werks,Mumbai,,India,"Unique Industrial Estate, Off VS Marg 400025 Mumbai India",72.877700000000061,19.076000000000022
Mumbai,GPX Global Systems,Mumbai,,India,"Unit A-001, Boomerang, Chandivali Farm Road, Andheri East Mumbai India",72.877700000000061,19.076000000000022
Mumbai,Net4,Mumbai,,India,614 - 616 Shah & Nahar Indl. Estate Dr. E. Moses Road Worli Naka 400018 Mumbai India,72.877700000000061,19.076000000000022
Mumbai,Nxtra Data,Mumbai,,India,"Interface, 5th floor Building no. 7, Malad (w) 400064 Mumbai India",72.877700000000061,19.076000000000022
Mumbai,Honesty Net Solutions (India) Pvt. Ltd.,Mumbai,,India,A-2009 Station Plaza 400078 Mumbai India,72.877700000000061,19.076000000000022
Mumbai,Sungard,www.sungardas.com,,India,Mumbai India www.sungardas.com,72.877700000000061,19.076000000000022
Mumbai,CtrlS,Navi,,India,"Plot No. GEN 72/1/A, TTC Industrial Area, South Central Road 400710 Navi Mumbai India",72.877700000000061,19.076000000000022
Mumbai,NeoSoft Technologies,Mumbai,,India,"124, SVS Rd 400025 Mumbai India",72.877700000000061,19.076000000000022
Mumbai,Trimax IT Infrastructure & Services,Navi,,India,"Reliable Tech Park, 201/202, 2nd Floor, ‘A’ Wing, Thane Belapur Road 400708 Navi Mumbai India",72.877700000000061,19.076000000000022
Mumbai 1,ST Telemedia GDC,Mumbai,,India,Kashinath Dhuru Marg 400025 Mumbai India,72.877700000000061,19.076000000000022
Mumbai 1,Zenlayer,Mumbai,,India,"Kashinath Dhuru Marg, Tower A, 7th Floor, 400025 Mumbai India",72.877700000000061,19.076000000000022
Mumbai 1,Global Cloud Xchange (GCX),30386000,,India,Mumbai India +91 022 30386000,72.877700000000061,19.076000000000022
Mumbai 2,ST Telemedia GDC,Mumbai,,India,Bandra Kurla Complex Road 400051 Mumbai India,72.877700000000061,19.076000000000022
Mumbai 2,Global Cloud Xchange (GCX),30386000,,India,Mumbai India +91 022 30386000,72.877700000000061,19.076000000000022
Mumbai 3,ST Telemedia GDC,Mumbai,,India,Mahakali Caves Rd 400093 Mumbai India,72.877700000000061,19.076000000000022
Mumbai 3,Global Cloud Xchange (GCX),30386000,,India,Mumbai India +91 022 30386000,72.877700000000061,19.076000000000022
Mumbai 4,Global Cloud Xchange (GCX),30386000,,India,Mumbai India +91 022 30386000,72.877700000000061,19.076000000000022
Nashik,ESDS Software Solution Pvt. Ltd.,Nashik,,India,"Plot No. B- 24 & 25, NICE Industrial Area. Satpur MIDC 422 007 Nashik India",7.262000000000057,43.710200000000043
National Data Centre Bhubaneswar,National Informatics Centre (NIC) India,Bhubaneswar,,India,"4, Sachivalaya Marg 751013 Bhubaneswar India",85.833286100000066,20.296976500000028
National Data Centre Delhi,National Informatics Centre (NIC) India,New,,India,"Metro Vihar, Shastri Park, Jagjit Nagar 110053 New Delhi India",77.102500000000077,28.704100000000039
National Data Centre Hyderbad,National Informatics Centre (NIC) India,Hyderabad,,India,"Nic Building Collectorate Building, N Pally 500063 Hyderabad India",78.486700000000042,17.385000000000048
National Data Centre Pune,National Informatics Centre (NIC) India,Pune,,India,Ganeshkhind Road 411007 Pune India,73.856700000000046,18.520400000000052
Navi Mumbai,Bridge Data Centres,03158,,India,Navi Mumbai India +91 98200 03158,72.877700000000061,19.076000000000022
Navi Mumbai,ESDS Software Solution Pvt. Ltd.,Mumbai,,India,tbc Navi Mumbai India,72.877700000000061,19.076000000000022
New Delhi,Net4,New,,India,"AB-11, Community Centre Safdarjung Enclave 110029 New Delhi India",77.102500000000077,28.704100000000039
New Delhi,Koonk Technologies,Delhi,,India,tbc New Delhi India,77.102500000000077,28.704100000000039
New Delhi (Greater Kailash),TATA Communications,New,,India,Greater Kailash 110048 New Delhi India,77.102500000000077,28.704100000000039
New Delhi 1,ST Telemedia GDC,3388,,India,110048 New Delhi India 65 6808 3388,77.102500000000077,28.704100000000039
New Delhi 2,ST Telemedia GDC,New,,India,"2, Bangla Sahib Rd 110001 New Delhi India",77.102500000000077,28.704100000000039
New Delhi 3,ST Telemedia GDC,3388,,India,New Delhi India 65 6808 3388,77.102500000000077,28.704100000000039
Noida,Sify Corp,Noida,,India,"B7, Sector 132, Greater Noida Expressway, Near New Delhi 201301 Noida India",77.102500000000077,28.704100000000039
Noida,NetMagic Solutions Pvt Ltd,Noida,,India,Sector 63 201301 Noida India,77.357552000000055,28.628544800000043
Patancheru,Bharat Sanchar Nigam Ltd. (BSNL),Hyderabad,,India,502319 Hyderabad India www.bsnl.co.in,78.486700000000042,17.385000000000048
Pune,Microsoft,Pune,,India,tbc Pune India,73.856700000000046,18.520400000000052
Pune,Nxtra Data,Pune,,India,"Eon Kharadi Infrastructure Pvt Ltd, Kharadi South Main Road 411014 Pune India",73.856700000000046,18.520400000000052
Pune,LeapSwitch Networks Pvt Limited,Pune,,India,"6, Aditi Commerce, Opp. SBI, Baner Main Road, Baner, Pune 411045 Pune India",73.856700000000046,18.520400000000052
Pune,DataGalaxy,Pune,,India,46 level 5 C wing Panchshil Tech park One Yerwada 411006 Pune India,73.856700000000046,18.520400000000052
Pune,Net4,Pune,,India,"201, IInd Floor Unique Chamber Near Deendayal Hospital F.C. Road 411005 Pune India",73.856700000000046,18.520400000000052
Pune,Sungard,www.sungardas.com,,India,Pune India www.sungardas.com,73.856700000000046,18.520400000000052
Pune,ST Telemedia GDC,Pune,,India,Alandi Rd 411006 Pune India,73.856700000000046,18.520400000000052
Pune,TATA Communications,Pune,,India,"VSNL Old Colony, Dighi 411015 Pune India",73.856700000000046,18.520400000000052
Reliance Chennai IDC,Reliance Communications Ltd.,Chennai,,India,"No-6, Haddows Road Chennai India",80.270700000000033,13.082700000000045
Reliance Hyderabad IDC,Reliance Communications Ltd.,Hyderabad,,India,"Plot No-20, Hitec City Layout, Survay No 64, Madhapur Hyderabad India",78.486700000000042,17.385000000000048
Reliance IDC-1,Reliance Communications Ltd.,Mumbai,,India,Thane Belapur Road Navi Mumbai India,72.877700000000061,19.076000000000022
Reliance IDC-2,Reliance Communications Ltd.,Mumba,,India,Thane Belapur Road Navi Mumba India,73.000206900000080,19.175665800000047
Reliance IDC-3,Reliance Communications Ltd.,Mumbai,,India,Thane Belapur Road Navi Mumbai India,72.877700000000061,19.076000000000022
Reliance IDC-4,Reliance Communications Ltd.,Mumbai,,India,Thane Belapur Road Navi Mumbai India,72.877700000000061,19.076000000000022
Vashi,Cyquator Technologies,Navi,,India,"Tower No.2, 4th Floor, International Infotech Park, Above Vashi Rly.stn. 400703 Navi Mumbai India",72.877700000000061,19.076000000000022
Vikhroli,NetMagic Solutions Pvt Ltd,Vikhroli,,India,"Mehra Industrial Estate, LBS Marg 400079 Vikhroli India",72.925098000000048,19.108343300000058
NES Data,NES Data,,,India,,73.728885000000048,18.591821000000039
